epoch,time,train/loss,metrics/accuracy_top1,metrics/accuracy_top5,val/loss,lr/pg0,lr/pg1,lr/pg2,lr/pg3,lr/pg4,lr/pg5,lr/pg6,lr/pg7
1,181.507,4.45301,0.09782,0.2802,3.99768,0.00999155,0.00333052,0.00999155,0.00333052,0.00999155,0.00333052,0.00999155,0.00333052
2,357.856,3.75742,0.2379,0.51576,3.13551,0.0196617,0.0065539,0.0196617,0.0065539,0.0196617,0.0065539,0.0196617,0.0065539
3,531.87,3.17685,0.3484,0.64463,2.61985,0.0290018,0.00966728,0.0290018,0.00966728,0.0290018,0.00966728,0.0290018,0.00966728
4,704.738,2.67369,0.53608,0.81354,1.76376,0.028515,0.009505,0.028515,0.009505,0.028515,0.009505,0.028515,0.009505
5,876.821,2.27869,0.61481,0.86154,1.45014,0.02802,0.00934,0.02802,0.00934,0.02802,0.00934,0.02802,0.00934
6,1047.76,2.04763,0.66154,0.88974,1.25654,0.027525,0.009175,0.027525,0.009175,0.027525,0.009175,0.027525,0.009175
7,1220.11,1.88588,0.69937,0.91022,1.09559,0.02703,0.00901,0.02703,0.00901,0.02703,0.00901,0.02703,0.00901
8,1391.66,1.75861,0.72871,0.92265,0.99668,0.026535,0.008845,0.026535,0.008845,0.026535,0.008845,0.026535,0.008845
9,1562.9,1.66726,0.74554,0.92994,0.92088,0.02604,0.00868,0.02604,0.00868,0.02604,0.00868,0.02604,0.00868
10,1737.35,1.58175,0.75968,0.93659,0.86367,0.025545,0.008515,0.025545,0.008515,0.025545,0.008515,0.025545,0.008515
11,1909.67,1.51594,0.77105,0.94099,0.8224,0.02505,0.00835,0.02505,0.00835,0.02505,0.00835,0.02505,0.00835
12,2083.63,1.45212,0.78,0.94364,0.78885,0.024555,0.008185,0.024555,0.008185,0.024555,0.008185,0.024555,0.008185
13,2256.99,1.397,0.78721,0.94554,0.77009,0.02406,0.00802,0.02406,0.00802,0.02406,0.00802,0.02406,0.00802
14,2429.65,1.3472,0.792,0.94804,0.7539,0.023565,0.007855,0.023565,0.007855,0.023565,0.007855,0.023565,0.007855
15,2601.54,1.30866,0.79446,0.94859,0.74219,0.02307,0.00769,0.02307,0.00769,0.02307,0.00769,0.02307,0.00769
16,2773.95,1.27331,0.79509,0.94966,0.73496,0.022575,0.007525,0.022575,0.007525,0.022575,0.007525,0.022575,0.007525
17,2946.33,1.23129,0.79703,0.95077,0.72751,0.02208,0.00736,0.02208,0.00736,0.02208,0.00736,0.02208,0.00736
18,3117.87,1.20071,0.79917,0.95152,0.72205,0.021585,0.007195,0.021585,0.007195,0.021585,0.007195,0.021585,0.007195
19,3291.27,1.16466,0.80095,0.95208,0.71395,0.02109,0.00703,0.02109,0.00703,0.02109,0.00703,0.02109,0.00703
20,3463.35,1.14398,0.80253,0.95287,0.70802,0.020595,0.006865,0.020595,0.006865,0.020595,0.006865,0.020595,0.006865
21,3633.49,1.10683,0.80384,0.95358,0.70286,0.0201,0.0067,0.0201,0.0067,0.0201,0.0067,0.0201,0.0067
22,3806.87,1.08257,0.80511,0.9541,0.6985,0.019605,0.006535,0.019605,0.006535,0.019605,0.006535,0.019605,0.006535
23,3980.3,1.05633,0.80646,0.95517,0.69397,0.01911,0.00637,0.01911,0.00637,0.01911,0.00637,0.01911,0.00637
24,4153.7,1.02032,0.80792,0.95564,0.68739,0.018615,0.006205,0.018615,0.006205,0.018615,0.006205,0.018615,0.006205
25,4326.24,1.00242,0.80994,0.9564,0.68161,0.01812,0.00604,0.01812,0.00604,0.01812,0.00604,0.01812,0.00604
26,4501.91,0.96999,0.81172,0.95659,0.67656,0.017625,0.005875,0.017625,0.005875,0.017625,0.005875,0.017625,0.005875
27,4676.04,0.95329,0.81327,0.95739,0.67299,0.01713,0.00571,0.01713,0.00571,0.01713,0.00571,0.01713,0.00571
28,4849.2,0.93408,0.81489,0.95806,0.66889,0.016635,0.005545,0.016635,0.005545,0.016635,0.005545,0.016635,0.005545
29,5021.51,0.90333,0.81655,0.95802,0.66326,0.01614,0.00538,0.01614,0.00538,0.01614,0.00538,0.01614,0.00538
30,5191.45,0.87988,0.81893,0.95865,0.65818,0.015645,0.005215,0.015645,0.005215,0.015645,0.005215,0.015645,0.005215
31,5366.15,0.85253,0.82012,0.95885,0.65348,0.01515,0.00505,0.01515,0.00505,0.01515,0.00505,0.01515,0.00505
32,5537.85,0.83687,0.82099,0.95929,0.64903,0.014655,0.004885,0.014655,0.004885,0.014655,0.004885,0.014655,0.004885
33,5711.13,0.8114,0.82242,0.9598,0.6422,0.01416,0.00472,0.01416,0.00472,0.01416,0.00472,0.01416,0.00472
34,5886.33,0.79307,0.82471,0.96024,0.63826,0.013665,0.004555,0.013665,0.004555,0.013665,0.004555,0.013665,0.004555
35,6060.02,0.76346,0.82578,0.96028,0.63432,0.01317,0.00439,0.01317,0.00439,0.01317,0.00439,0.01317,0.00439
36,6232.36,0.74108,0.82725,0.96055,0.63226,0.012675,0.004225,0.012675,0.004225,0.012675,0.004225,0.012675,0.004225
37,6403.48,0.71639,0.8284,0.96071,0.62719,0.01218,0.00406,0.01218,0.00406,0.01218,0.00406,0.01218,0.00406
38,6576.72,0.70499,0.82986,0.96111,0.62218,0.011685,0.003895,0.011685,0.003895,0.011685,0.003895,0.011685,0.003895
39,6747.64,0.67882,0.83113,0.96154,0.62079,0.01119,0.00373,0.01119,0.00373,0.01119,0.00373,0.01119,0.00373
40,6906.18,0.65069,0.83244,0.96194,0.61563,0.010695,0.003565,0.010695,0.003565,0.010695,0.003565,0.010695,0.003565
41,7073.5,0.62504,0.83291,0.9619,0.61372,0.0102,0.0034,0.0102,0.0034,0.0102,0.0034,0.0102,0.0034
42,7246.41,0.60868,0.83366,0.9625,0.61065,0.009705,0.003235,0.009705,0.003235,0.009705,0.003235,0.009705,0.003235
43,7417.17,0.57941,0.83513,0.96257,0.60925,0.00921,0.00307,0.00921,0.00307,0.00921,0.00307,0.00921,0.00307
44,7588.5,0.54918,0.83644,0.96356,0.60547,0.008715,0.002905,0.008715,0.002905,0.008715,0.002905,0.008715,0.002905
45,7763.98,0.52773,0.83743,0.96317,0.60519,0.00822,0.00274,0.00822,0.00274,0.00822,0.00274,0.00822,0.00274
46,7926.12,0.50765,0.83818,0.96345,0.60368,0.007725,0.002575,0.007725,0.002575,0.007725,0.002575,0.007725,0.002575
47,8105.97,0.47811,0.83889,0.96432,0.60195,0.00723,0.00241,0.00723,0.00241,0.00723,0.00241,0.00723,0.00241
48,8280.48,0.4447,0.83964,0.96444,0.60132,0.006735,0.002245,0.006735,0.002245,0.006735,0.002245,0.006735,0.002245
49,8459.53,0.42822,0.8404,0.96444,0.59979,0.00624,0.00208,0.00624,0.00208,0.00624,0.00208,0.00624,0.00208
50,8634.99,0.39859,0.84028,0.96455,0.59961,0.005745,0.001915,0.005745,0.001915,0.005745,0.001915,0.005745,0.001915
51,8811.03,0.37378,0.8404,0.96448,0.60053,0.00525,0.00175,0.00525,0.00175,0.00525,0.00175,0.00525,0.00175
52,8983.09,0.34924,0.84087,0.96463,0.59996,0.004755,0.001585,0.004755,0.001585,0.004755,0.001585,0.004755,0.001585
53,9157.75,0.32382,0.84186,0.96479,0.60139,0.00426,0.00142,0.00426,0.00142,0.00426,0.00142,0.00426,0.00142
54,9332.17,0.29917,0.84107,0.96471,0.60142,0.003765,0.001255,0.003765,0.001255,0.003765,0.001255,0.003765,0.001255
55,9507.04,0.27397,0.8415,0.96483,0.60392,0.00327,0.00109,0.00327,0.00109,0.00327,0.00109,0.00327,0.00109
56,9680.16,0.25419,0.84147,0.96459,0.60268,0.002775,0.000925,0.002775,0.000925,0.002775,0.000925,0.002775,0.000925
57,9854.23,0.23416,0.84226,0.96455,0.60677,0.00228,0.00076,0.00228,0.00076,0.00228,0.00076,0.00228,0.00076
58,10027.7,0.21599,0.84273,0.96448,0.60717,0.001785,0.000595,0.001785,0.000595,0.001785,0.000595,0.001785,0.000595
59,10201.1,0.19775,0.84202,0.96404,0.61085,0.00129,0.00043,0.00129,0.00043,0.00129,0.00043,0.00129,0.00043
60,10375.9,0.18186,0.84194,0.96388,0.61207,0.000795,0.000265,0.000795,0.000265,0.000795,0.000265,0.000795,0.000265
